AiQinHaiGouWuZhongXin,AiQinHaiGouWuZhongXin
BaiShengGouWuZhongXin(TaiYangGongDian),BaiShengGouWuZhongXin (TaiYangGongDian )
BeiChenGouWuZhongXin,BeiChenGouWuZhongXin
BeiChenShiDaiMingMen,BeiChenShiDaiMingMen
BeiJingapm,BeiJing apm
BeiJingBaiHuoDaLou,BeiJingBaiHuoDaLou
BeiJingYiDiGang,BeiJingYiDiGang
BiRuShiJieGouWuZhongXin,BiRuShiJieGouWuZhongXin
ChaoYangDaYueCheng,ChaoYangDaYueCheng
ChengXiangHuaMao,ChengXiangHuaMao
CuiWeiBaiHuo(LongDeDian),CuiWeiBaiHuo (LongDeDian )
CuiWeiBaiHuo(MuDanYuanDian),CuiWeiBaiHuo (MuDanYuanDian )
CuiWeiBaiHuo(QingHeDian),CuiWeiBaiHuo (QingHeDian )
CuiWeiBaiHuoCuiWeiDian,CuiWeiBaiHuoCuiWeiDian
CuiWeiGuangChang,CuiWeiGuangChang
DangDaiShangCheng(DingChengDian),DangDaiShangCheng (DingChengDian )
DangDaiShangChengZhongGuanCunDian,DangDaiShangChengZhongGuanCunDian
DongFangXinTianDi,DongFangXinTianDi
DouHuiTianDi,DouHuiTianDi
FangHengGouWuZhongXin,FangHengGouWuZhongXin
FengHuangHui,FengHuangHui
FengLanGuoJiGouWuZhongXin,FengLanGuoJiGouWuZhongXin
FengLianGuangChang,FengLianGuangChang
FuLiGuangChang,FuLiGuangChang
GuoMaoShangCheng,GuoMaoShangCheng
GuoRuiGouWuZhongXin,GuoRuiGouWuZhongXin
HanGuangBaiHuo,HanGuangBaiHuo
HengJiYanSha,HengJiYanSha
HuaLianShangSha(GuangAnMenDian),HuaLianShangSha (GuangAnMenDian )
HuaLianShangSha(HuiLongGuanDian),HuaLianShangSha (HuiLongGuanDian )
HuaLianShangSha(ShangDiDian),HuaLianShangSha (ShangDiDian )
HuaLianShangShaGongYiXiQiaoDian,HuaLianShangShaGongYiXiQiaoDian
HuaLianWanLiuGouWuZhongXin,HuaLianWanLiuGouWuZhongXin
HuaMaoGouWuZhongXin,HuaMaoGouWuZhongXin
HuanQiuMaoYiZhongXin,HuanQiuMaoYiZhongXin
HuaRunWuCaiCheng,HuaRunWuCaiCheng
HuaTangShangChang,HuaTangShangChang
HuaYuShiShangGouWuZhongXin,HuaYuShiShangGouWuZhongXin
JinBaoHuiGouWuZhongXin,JinBaoHuiGouWuZhongXin
JinDiGuangChang,JinDiGuangChang
JinRongJieGouWuZhongXin,JinRongJieGouWuZhongXin
JiuLongBaiHuo,JiuLongBaiHuo
JunTaiBaiHuo,JunTaiBaiHuo
KaiDeMALLWangJing,KaiDe MALLWangJing
KaiDeMALLXiZhiMen,KaiDe MALLXiZhiMen
KaiDeJingPinGouWuZhongXin,KaiDeJingPinGouWuZhongXin
KaiDeMaoTaiYangGong,KaiDeMaoTaiYangGong
LaiFuShiGouWuZhongXin,LaiFuShiGouWuZhongXin
LanDaoDaSha,LanDaoDaSha
LanSeGangWanGuoJiShangQu,LanSeGangWanGuoJiShangQu
LeChengGouWuZhongXin,LeChengGouWuZhongXin
LeTianYinTaiBaiHuo,LeTianYinTaiBaiHuo
LongDeGuangChang,LongDeGuangChang
MSRA,MSRA
OuLuShiShangGouWuZhongXin,OuLuShiShangGouWuZhongXin
OuMeiHui,OuMeiHui
QiaoFuFangCaoDi,QiaoFuFangCaoDi
SaiTeGouWuZhongXin,SaiTeGouWuZhongXin
ShengXi8Hao,ShengXi 8Hao
ShiJingShanWanDaGuangChang(LackOfThreeFourFloor),ShiJingShanWanDaGuangChang(LackOfThreeFourFloor)
ShiMaoBaiHuo,ShiMaoBaiHuo
ShiMaoTianJie,ShiMaoTianJie
ShouDiDaXiaGuGouWuZhongXin,ShouDiDaXiaGuGouWuZhongXin
ShuangAnShangChang,ShuangAnShangChang
SiPuRuiSiAoTeLaiSi,SiPuRuiSiAoTeLaiSi
SOHOShangDou(NanBeiTa),SOHOShangDou (NanBeiTa )
SOHOShangDou(XiTa),SOHOShangDou (XiTa )
TianHong(GuoZhanDian),TianHong (GuoZhanDian )
TianHong(XinAoDian),TianHong (XinAoDian )
TianHongGuangAnMenDian,TianHongGuangAnMenDian
WangJingHuaCaiShangYeZhongXin,WangJingHuaCaiShangYeZhongXin
WuDaoKouGouWuZhongXin,WuDaoKouGouWuZhongXin
XiDanDaYueCheng,XiDanDaYueCheng
XinAoGouWuZhongXin,XinAoGouWuZhongXin
XinGuangTianDi,XinGuangTianDi
XinHuaBaiHuo,XinHuaBaiHuo
XinShiJieBaiHuo(ChongWenMenDian),XinShiJieBaiHuo (ChongWenMenDian )
XinShiJieLiYingBaiHuo,XinShiJieLiYingBaiHuo
XinShiJieXuanCaiBaiHuo,XinShiJieXuanCaiBaiHuo
XinZhongGuan,XinZhongGuan
YangGuangXinChengShiGuangChang,YangGuangXinChengShiGuangChang
YanShaYouYiShangChang(JinYuanYanShaDian),YanShaYouYiShangChang (JinYuanYanShaDian )
YanShaYouYiShangCheng,YanShaYouYiShangCheng
YinTaiBaiHuo(DaHongMenDian),YinTaiBaiHuo (DaHongMenDian )
YinZuoMall,YinZuo Mall
YiShiDaGuangChang,YiShiDaGuangChang
YongWangGuoJiShangChengGouWuZhongXin,YongWangGuoJiShangChengGouWuZhongXin
YouTangGuangChang,YouTangGuangChang
YuanYangWeiLai,YuanYangWeiLai
ZhangAnShangChang,ZhangAnShangChang
ZhuangShengChongGuang,ZhuangShengChongGuang
ZhuoZhanGouWuZhongXin,ZhuoZhanGouWuZhongXin
ZiHeXinBaiHuo,ZiHeXinBaiHuo
