aiqinhaigouwuzhongxin,爱琴海购物中心
aiqinhaigouwuzhongxin,爱琴海购物中心
baishenggouwuzhongxin,百盛购物中心
beichenshidaimingmen,北辰时代名门
apm,北京APM
beijingbaihuodalou,北京百货大楼
beijingyidigang,北京颐堤港
birushijiegouwuzhongxin,比如世界购物中心
chaoyangdayuecheng,朝阳大悦城
chengxianghuamao,城乡华懋
cuiweibaihuocuiwei,翠微百货翠微
cuiweiguangchang,翠微广场
dingcheng,鼎城
dangdaishangchengzhongguancun,当代商城中关村
donganshichang,东安市场
douhuitiandi,都汇天地
fenglanguojigouwuzhongxin,枫蓝国际购物中心
hengjiyansha,恒基燕莎
hanguangbaihuo,汉光百货
hualianwanliugouwuzhongxin,华联万柳购物中心
hualianshangshagongyixiqiao,华联商厦公益西桥
huayushishanggouwuzhongxin,华宇时尚购物中心
huarunwucaicheng,华润五彩城
kaide,凯德
jindiguangchang,金地广场
kaidejingpingouwuzhongxin,凯德晶品购物中心
laifushigouwuzhongxin,来福士购物中心
kaidemaotaiyanggong,凯德茂太阳宫
lechenggouwuzhongxin,乐成购物中心
lansegangwanguojishangqu,蓝色港湾购物中心
oulushishanggouwuzhongxin,欧陆时尚购物中心
msra,微软
sipuruisiaotelaisi,斯普瑞斯奥特莱斯
sohoshangdou,soho尚都
8hao,8号
shoudidaxiagugouwuzhongxin,首地大峡谷购物中心
xita,西塔
xinao,新奥
nanbeita,南北塔
sohoshangdou,soho尚都
xinaogouwuzhongxin,新奥购物中心
xinshijieliyingbaihuo,新世界利莹百货
tianhongguanganmen,天虹广安门
wangjinghuacaishangyezhongxin,望京华彩商业中心
yanshayouyishangchang,燕莎友谊商城
yinzuo,银座MALL
xinshijiexuancaibaihuo,新世界彩旋百货
yangguangxinchengshiguangchang,阳光新城市广场
zhanganshangchang,长安商场
yuanyangweilai,远洋未来
yongwangguojishangchenggouwuzhongxin,永旺国际商城购物中心
yishidaguangchang,易事达广场
zihexinbaihuo,资和信百货
zhuozhangouwuzhongxin,卓展购物中心
