10100187,TianHong (XinAoDian )
10101712,XinAoGouWuZhongXin
10100165,SiPuRuiSiAoTeLaiSi
10100198,CuiWeiGuangChang
10100130,HuaLianShangSha (ShangDiDian )
10100126,OuMeiHui
10100117,HuaRunWuCaiCheng
10100154,JinBaoHuiGouWuZhongXin
10100102,ZhuangShengChongGuang
10100167,HuanQiuMaoYiZhongXin
10100191,HuaLianShangShaGongYiXiQiaoDian
10100177,SOHOShangDou (XiTa )
10100157,WuDaoKouGouWuZhongXin
10100113,LaiFuShiGouWuZhongXin
10100131,ShuangAnShangChang
10100173,HuaLianShangSha (GuangAnMenDian )
10100195,FengHuangHui
10100152,XinShiJieBaiHuo (ChongWenMenDian )
10100136,XinGuangTianDi
10100155,FuLiGuangChang
10100135,CuiWeiBaiHuo (QingHeDian )
10100143,DangDaiShangCheng (DingChengDian )
10100183,HuaLianShangSha (HuiLongGuanDian )
10100120,XinZhongGuan
10100110,GuoRuiGouWuZhongXin
10100105,CuiWeiBaiHuoCuiWeiDian
10100180,WangJingHuaCaiShangYeZhongXin
10100123,YouTangGuangChang
10100185,BeiChenShiDaiMingMen
10100166,YangGuangXinChengShiGuangChang
10100106,CuiWeiBaiHuo (LongDeDian )
10100148,TianHong (GuoZhanDian )
10100178,LongDeGuangChang
10101709,HuaYuShiShangGouWuZhongXin
10107003,DongAnShiChang
10100163,HengJiYanSha
10100101,BaiShengGouWuZhongXin (TaiYangGongDian )
10100107,DongFangXinTianDi
10100176,SOHOShangDou (NanBeiTa )
10100144,JiuLongBaiHuo
10100169,FengLanGuoJiGouWuZhongXin
10100109,GuoMaoShangCheng
10101711,QiaoFuFangCaoDi
10100147,TianHongGuangAnMenDian
10100181,DouHuiTianDi
10101717,YuanYangWeiLai
10101713,JinDiGuangChang
10100114,LanSeGangWanGuoJiShangQu
10100199,HuaTangShangChang
10100170,BeiChenGouWuZhongXin
10100124,ShouDiDaXiaGuGouWuZhongXin
10100172,YiShiDaGuangChang
10100108,YinZuo Mall
10100175,HuaLianWanLiuGouWuZhongXin
10100182,ShiMaoBaiHuo
10101716,YanShaYouYiShangChang (JinYuanYanShaDian )
10100193,YinTaiBaiHuo (DaHongMenDian )
10100142,ChengXiangHuaMao
10100161,LeChengGouWuZhongXin
10100132,FengLianGuangChang
10100115,LeTianYinTaiBaiHuo
10101704,BeiJingYiDiGang
10100140,XinShiJieLiYingBaiHuo
10100150,ZhangAnShangChang
10100162,OuLuShiShangGouWuZhongXin
10100134,CuiWeiBaiHuo (MuDanYuanDian )
10107001,AiQinHaiGouWuZhongXin
10100146,ShiJingShanWanDaGuangChang
10101707,ZhuoZhanGouWuZhongXin
10107002,BeiJingBaiHuoDaLou
10100116,ShiMaoTianJie
10101706,KaiDeMaoTaiYangGong
10100168,BiRuShiJieGouWuZhongXin
10107998,MSRA
10100158,FangHengGouWuZhongXin
10100151,ZiHeXinBaiHuo
10100125,XinHuaBaiHuo
10100104,BeiJing apm
10100156,HuaMaoGouWuZhongXin
10100111,JinRongJieGouWuZhongXin
10101714,ShengXi 8Hao
10100129,YongWangGuoJiShangChengGouWuZhongXin
10100137,KaiDe MALLWangJing
10100188,JunTaiBaiHuo
10100145,LanDaoDaSha
10101708,HanGuangBaiHuo
10100118,XiDanDaYueCheng
10100139,ChaoYangDaYueCheng
10101705,KaiDeJingPinGouWuZhongXin
10100128,DangDaiShangChengZhongGuanCunDian
