1.01001E+15,双安商场精品超市
1.01001E+15,晓酵素
1.01001E+15,美优酵素
1.01001E+15,新西兰十一坊
1.01001E+15,旭福
1.01001E+15,位元堂
1.01001E+15,同仁堂
1.01001E+15,精品烟酒
1.01001E+15,Leonidas
1.01001E+15,极草
1.01001E+15,果园老农
1.01001E+15,上品堂
1.01001E+15,集品堂
1.01001E+15,Bread Talk
1.01001E+15,新快
1.01001E+15,BOSS HUGO BOSS
1.01001E+15,DUNHILL
1.01001E+15,ARMANI
1.01001E+15,Zegna Sport
1.01001E+15,Pandora
1.01001E+15,周大福
1.01001E+15,万宝龙
1.01001E+15,LONGINES
1.01001E+15,TAGHEUER
1.01001E+15,亨得利
1.01001E+15,RADO
1.01001E+15,周大福
1.01001E+15,谢瑞麟
1.01001E+15,周生生
1.01001E+15,金至尊
1.01001E+15,六福珠宝
1.01001E+15,Brooks Brothers
1.01001E+15,Coach
1.01001E+15,SK-II
1.01001E+15,雪花秀
1.01001E+15,Swissweda
1.01001E+15,COSME DECORTE
1.01001E+15,GUERLAIN
1.01001E+15,碧欧泉
1.01001E+15,CHANEL
1.01001E+15,CD
1.01001E+15,Clinique
1.01001E+15,GIVENCHY
1.01001E+15,LANCOME
1.01001E+15,ESTEE LAUDER
1.01001E+15,La Mer
1.01001E+15,Sisley
1.01001E+15,HELENA RUBINSTEIN
1.01001E+15,植村秀
1.01001E+15,Bobbi Brown
1.01001E+15,CLARINS
1.01001E+15,Make Up For Ever
1.01001E+15,资生堂
1.01001E+15,OMEGA
1.01001E+15,亨得利
1.01001E+15,SWAROVSKI
1.01001E+15,琉璃工房
1.01001E+15,LANCEL
1.01001E+15,FANCL无添加
1.01001E+15,STENDERS
1.01001E+15,佰草集
1.01001E+15,Kiehl's
1.01001E+15,L'OCCITANE
1.01001E+15,OLAY
1.01001E+15,LOREAL
1.01001E+15,origins
1.01001E+15,JurLique
1.01001E+15,LANEIGE
1.01001E+15,KOSE
1.01001E+15,H2O+
1.01001E+15,瑞恩
1.01001E+15,戴梦得
1.01001E+15,周大生
1.01001E+15,LARWINER
1.01001E+15,BLLYN
1.01001E+15,东赢日盛
1.01001E+15,尚氏珠宝
1.01001E+15,AUPRES
1.01001E+15,chloe
1.01001E+15,金象珠宝
1.01001E+15,BVLGARI
1.01001E+15,jaff
1.01001E+15,千禧之星
1.01001E+15,双安黄金
1.01001E+15,WEEKEND by MaxMara
1.01001E+15,雅阁诗丹
1.01001E+15,Autason
1.01001E+15,UGG
1.01001E+15,RIMOWA
1.01001E+15,新秀丽
1.01001E+15,TUMI
1.01001E+15,PRADA
1.01001E+15,Versace
1.01001E+15,Nina Ricci
1.01001E+15,Burberry
1.01001E+15,ENZO
1.01001E+15,恒昌珠宝
1.01001E+15,和玉缘
1.01001E+15,紫云珠宝
1.01001E+15,展台
1.01001E+15,ATM
1.01001E+15,DIOR BEAUTY
1.01001E+15,Marisfrolg
1.01001E+15,LANCY FROM25
1.01001E+15,邢氏
1.01001E+15,LIANG NUO
1.01001E+15,应大
1.01001E+15,landi
1.01001E+15,F.L≡dy
1.01001E+15,AINTLUCK
1.01001E+15,Rebecca
1.01001E+15,ANNA SUI
1.01001E+15,莱姿
1.01001E+15,奥淇唯艺
1.01001E+15,赛斯特
1.01001E+15,玫而美
1.01001E+15,PORTS
1.01001E+15,Brooks Brothers
1.01001E+15,DKNY
1.01001E+15,CALVIN KLEIN
1.01001E+15,Kanojao
1.01001E+15,SETFANEL
1.01001E+15,Jiggie Studio
1.01001E+15,歌力思
1.01001E+15,奥菲欧
1.01001E+15,KORADIOR
1.01001E+15,米茜尔
1.01001E+15,伊蒂雅
1.01001E+15,Lime Flare
1.01001E+15,GANT
1.01001E+15,雅莹
1.01001E+15,COSTA COFFEE
1.01001E+15,塞斯克瑞
1.01001E+15,西贝伦
1.01001E+15,DELUXE AND VINCI
1.01001E+15,LIEDOW
1.01001E+15,FILON VIRO
1.01001E+15,赛吉琥珀
1.01001E+15,Coach
1.01001E+15,SWATCH
1.01001E+15,MORELLATO
1.01001E+15,oxette
1.01001E+15,CADENZA
1.01001E+15,Folli Follie
1.01001E+15,AESTHEXIX
1.01001E+15,MARCBY MAEC.JACOBS
1.01001E+15,ZAA DAA
1.01001E+15,ORIGIN
1.01001E+15,名品眼镜
1.01001E+15,黛玛诗
1.01001E+15,YINER
1.01001E+15,蒙迪爱尔
1.01001E+15,鄂尔多斯
1.01001E+15,JORYA
1.01001E+15,兰丝绘
1.01001E+15,LA FEE
1.01001E+15,IMM
1.01001E+15,EXCEPTION
1.01001E+15,INSUN
1.01001E+15,凯瑞拉
1.01001E+15,VESAS Collection
1.01001E+15,M.TSUBOMI
1.01001E+15,JEFEN
1.01001E+15,KLOVA
1.01001E+15,CHLOSIO
1.01001E+15,ELIE SAAB
1.01001E+15,CASIO
1.01001E+15,MONET
1.01001E+15,芮雅
1.01001E+15,MARELLA
1.01001E+15,i Blues
1.01001E+15,Juicy Couture
1.01001E+15,Feraud
1.01001E+15,ICICLE
1.01001E+15,Decoster
1.01001E+15,VOV
1.01001E+15,MOISSAL.PARIAS
1.01001E+15,ZUKKA.PRO
1.01001E+15,ZUCZUG
1.01001E+15,Deco
1.01001E+15,BUOUBVOV
1.01001E+15,SC Fashion
1.01001E+15,AMASS
1.01001E+15,Master Su
1.01001E+15,Weisi
1.01001E+15,斯琴
1.01001E+15,JEEP
1.01001E+15,READ MA
1.01001E+15,CK Jeans
1.01001E+15,Armani Jeans
1.01001E+15,G-STAR RAW
1.01001E+15,LACOSTE
1.01001E+15,Teenie Weenie
1.01001E+15,ONLY
1.01001E+15,Ochirly
1.01001E+15,Kipling
1.01001E+15,米莲诺
1.01001E+15,美术馆
1.01001E+15,生活素材
1.01001E+15,Golden Point
1.01001E+15,DILAKS
1.01001E+15,伊慧达
1.01001E+15,CHARLIE's ANGELS
1.01001E+15,LTAM Mark
1.01001E+15,FRAAS
1.01001E+15,ALA
1.01001E+15,Versace
1.01001E+15,MARJA KURKI
1.01001E+15,卡秀
1.01001E+15,粉红玛P
1.01001E+15,格格
1.01001E+15,ATSUGI
1.01001E+15,LA CLOVER
1.01001E+15,SALUTE
1.01001E+15,黛安芬
1.01001E+15,华歌尔
1.01001E+15,安莉芳 Triumph
1.01001E+15,Embry Form
1.01001E+15,Kid Blue
1.01001E+15,Aimer
1.01001E+15,T.B2 LADY
1.01001E+15,POWERLAND
1.01001E+15,卡娜娃
1.01001E+15,HR
1.01001E+15,comico
1.01001E+15,美宝莲
1.01001E+15,Organic touch
1.01001E+15,CAMENAE
1.01001E+15,Top Gloria
1.01001E+15,GASTONE LUCIOLI
1.01001E+15,满记甜品
1.01001E+15,Adidas
1.01001E+15,Salad
1.01001E+15,St. Dragon
1.01001E+15,Lesportsac
1.01001E+15,BIRKENSTOCK
1.01001E+15,GNC
1.01001E+15,le saunda
1.01001E+15,SCOFIELD
1.01001E+15,Bean Pole
1.01001E+15,CALVIN KLEIN
1.01001E+15,Aimer
1.01001E+15,NINE WEST
1.01001E+15,Joy&Peace
1.01001E+15,STACCATO
1.01001E+15,曼妮芬
1.01001E+15,Wonder
1.01001E+15,Tata
1.01001E+15,TATUAGGI
1.01001E+15,G. Vill
1.01001E+15,KISSCAT
1.01001E+15,CHRISDIEN DENY
1.01001E+15,Vme
1.01001E+15,图卡
1.01001E+15,Hush Puppies
1.01001E+15,dansko
1.01001E+15,ECCO
1.01001E+15,24HRS
1.01001E+15,嘉宝
1.01001E+15,Patrica
1.01001E+15,achette
1.01001E+15,Ara
1.01001E+15,Clarks
1.01001E+15,ORIGINALS
1.01001E+15,Hogl
1.01001E+15,BELLE
1.01001E+15,C31 ROTC
1.01001E+15,马亚诺
1.01001E+15,Frienti
1.01001E+15,HERRFURST
1.01001E+15,V.E.DELURE
1.01001E+15,SATCHI
1.01001E+15,s.t.dupont
1.01001E+15,NEUBERLTN
1.01001E+15,Van Lathem
1.01001E+15,GORNIA
1.01001E+15,KEVIN KELLY
1.01001E+15,S.D.SPONTINI
1.01001E+15,Tommy Hilfiger
1.01001E+15,Wolsey
1.01001E+15,比音勒芬
1.01001E+15,诺帝卡
1.01001E+15,BossSunwen
1.01001E+15,First Wert
1.01001E+15,ROSSINI
1.01001E+15,飞亚达
1.01001E+15,Zippo
1.01001E+15,PARKER
1.01001E+15,欧洲胡同
1.01001E+15,天王表
1.01001E+15,discovery
1.01001E+15,卡尔蒂尼
1.01001E+15,伯爵博朗
1.01001E+15,TREYFUS
1.01001E+15,PIDEBO
1.01001E+15,MARK.BOSE
1.01001E+15,米瓦法迪
1.01001E+15,金利来 
1.01001E+15,ALEX BRUNI
1.01001E+15,Timberland
1.01001E+15,Jeep
1.01001E+15,SUUNTO
1.01001E+15,AIGLE
1.01001E+15,The North Face
1.01001E+15,哥伦比亚 Columbia
1.01001E+15,Ozark Gear
1.01001E+15,ECCO
1.01001E+15,ARCTERYX
1.01001E+15,JACK&JONES
1.01001E+15,列维士
1.01001E+15,Lee
1.01001E+15,Satchi
1.01001E+15,GANT
1.01001E+15,Hush Puppies
1.01001E+15,CAROKAI
1.01001E+15,ANGELO NARDELLI
1.01001E+15,FJALL RAVEN
1.01001E+15,Jack Wolfskin
1.01001E+15,KOLON SPORT
1.01001E+15,DRAGON STAR
1.01001E+15,LONDON FOG
1.01001E+15,森卡诺
1.01001E+15,POSEMER
1.01001E+15,Lafuma
1.01001E+15,blackyak
1.01001E+15,依波表
1.01001E+15,BOSS SUNWEN
1.01001E+15,GHRISDIEN DENY
1.01001E+15,NORTHLAND
1.01001E+15,圣大保罗
1.01001E+15,MEYER
1.01001E+15,Apple专卖
1.01001E+15,VICUTU
1.01001E+15,观奇洋服
1.01001E+15,布兰施男鞋
1.01001E+15,GARDEUR
1.01001E+15,Pierre Cardin
1.01001E+15,爵士丹尼
1.01001E+15,Menticano
1.01001E+15,蓝豹
1.01001E+15,金利来
1.01001E+15,BRAUN BUFFEL
1.01001E+15,Jeep
1.01001E+15,JAGUAR
1.01001E+15,CHARRIOL
1.01001E+15,Conino Lambozghini
1.01001E+15,ELLE HOMME
1.01001E+15,瑞士维氏军刀
1.01001E+15,DUKE
1.01001E+15,LUCA BOSSI 
1.01001E+15,九牧王
1.01001E+15,虎都
1.01001E+15,HANMSON
1.01001E+15,凯萨大帝
1.01001E+15,Charriol
1.01001E+15,Leonardo
1.01001E+15,沙驰
1.01001E+15,宾度
1.01001E+15,策乐
1.01001E+15,圣伽步
1.01001E+15,V&G
1.01001E+15,BODY.WILD
1.01001E+15,雅戈尔
1.01001E+15,爱慕先生
1.01001E+15,TITAN
1.01001E+15,巧手改衣
1.01001E+15,CAMEL ACTIVE
1.01001E+15,Nike
1.01001E+15,李宁
1.01001E+15,NEO
1.01001E+15,CONVERSE
1.01001E+15,ESPRIT
1.01001E+15,馨亭
1.01001E+15,MINE
1.01001E+15,ZUCCHI
1.01001E+15,SHERIPAN
1.01001E+15,ESTEEM
1.01001E+15,罗莱家纺
1.01001E+15,OSIM
1.01001E+15,瑞而士
1.01001E+15,利快
1.01001E+15,YONEX
1.01001E+15,Arena
1.01001E+15,Puma
1.01001E+15,热浪
1.01001E+15,hosa
1.01001E+15,Rapido
1.01001E+15,泰普尔
1.01001E+15,Yvonne
1.01001E+15,棉田
1.01001E+15,无印工坊
1.01001E+15,CARNIER THIEBAUT
1.01001E+15,陶仨坊
1.01001E+15,陆宝
1.01001E+15,FRANZ
1.01001E+15,象印
1.01001E+15,Tiger
1.01001E+15,Luminaec
1.01001E+15,康宁餐具
1.01001E+15,Panasonic
1.01001E+15,Dyson
1.01001E+15,BRITA
1.01001E+15,飞利浦
1.01001E+15,BRAUN
1.01001E+15,kenwood
1.01001E+15,京钟
1.01001E+15,BOSE
1.01001E+15,JVC
1.01001E+15,adidas
1.01001E+15,Nike
1.01001E+15,VANS
1.01001E+15,Lacoste
1.01001E+15,Crocs
1.01001E+15,Jeep
1.01001E+15,贝纳通
1.01001E+15,孩之宝
1.01001E+15,Kuhn rikon
1.01001E+15,三叉牌
1.01001E+15,OQO
1.01001E+15,WOLL
1.01001E+15,WMF
1.01001E+15,Fissler
1.01001E+15,CATIMINI
1.01001E+15,BEEN KID'S
1.01001E+15,KP
1.01001E+15,ELAND KIDS
1.01001E+15,Paw in Paw
1.01001E+15,多样屋
1.01001E+15,味千拉面
1.01001E+15,红双喜
1.01001E+15,UCHINO
1.01001E+15,双立人
1.01001E+15,T-OPPAPEORETTI
1.01001E+15,SONY
1.01001E+15,呷哺呷哺
1.01001E+15,Disney Princess
1.01001E+15,喜洋洋与灰太狼童装
1.01001E+15,NIKE KIDS
1.01001E+15,adidas kids
1.01001E+15,JNBY by JNBY
1.01001E+15,好孩子
1.01001E+15,CAMKIDS
1.01001E+15,海辰贝贝
1.01001E+15,小猪班纳
1.01001E+15,水孩儿
1.01001E+15,callise
1.01001E+15,AIMER KIDS
1.01001E+15,丽婴房
1.01001E+15,Hallmark
1.01001E+15,Senbodulun
1.01001E+15,英氏
1.01001E+15,chicco
1.01001E+15,芭比
1.01001E+15,LEGO
1.01001E+15,FisherPrice
1.01001E+15,Hape
1.01001E+15,法纳贝儿
1.01001E+15,canlemon
1.01001E+15,惠葆
1.01001E+15,兄妹猫
1.01001E+15,MOONSTAR
1.01001E+15,NATURINA
1.01001E+15,米皇
1.01001E+15,兔皇
1.01001E+15,蕾沃尔
1.01001E+15,金利来
1.01001E+15,鄂尔多斯
1.01001E+15,雪莲
1.01001E+15,珍贝
1.01001E+15,帕罗
1.01001E+15,三星手机
1.01001E+15,方太
1.01001E+15,SAMSUNG
1.01001E+15,SHARP
1.01001E+15,SIEMENS
1.01001E+15,SIEMENS
1.01001E+15,ARISTON
1.01001E+15,见现冰激凌
1.01001E+15,权味
1.01001E+15,姑姑宴
1.01001E+15,和合谷
1.01001E+15,儿童套房
1.01001E+15,BABYROOM
1.01001E+15,爱康
1.01001E+15,New balance
1.01001E+15,三菱
1.01001E+15,鹿王
